,Nama File,Ketebak,Prediksi
0,loh-90-_JPG.rf.ccb900cf762dc2a30834eb34e8f7430a - Copy (3).jpg,0,1
1,loh-91-_JPG.rf.62aa020af80ba801fd39b40afed97166 - Copy (3).jpg,0,1
2,loh-90-_JPG.rf.ccb900cf762dc2a30834eb34e8f7430a - Copy (2).jpg,0,1
3,loh-100-_JPG.rf.97fbad9819c06945dc354224308b6a27 - Copy (2).jpg,0,1
4,loh-100-_JPG.rf.a033ca45819345f3de73afbfc6b26137 - Copy (3).jpg,0,1
5,loh-83-_JPG.rf.fa0d8bc2b0453f075b2afc4b67e3922b - Copy (2).jpg,0,1
6,loh-85-_JPG.rf.7cc76de49bd6fe04b34699c4d2c87011.jpg,0,1
7,loh-101-_JPG.rf.54dcd52f4303b39ad35f02ed3ecad38c - Copy (3).jpg,0,1
8,loh-98-_JPG.rf.09081bbc69887128ea369fb2125beeee.jpg,0,1
9,loh-88-_JPG.rf.49ed82dc682351c134a94e881c67e5a0 - Copy (3).jpg,0,1
10,loh-99-_JPG.rf.9f055eee3f44ddb3386df2df2bace223 - Copy (3).jpg,0,1
11,loh-92-_JPG.rf.90a882b4d7ae7ff2498cb476c5a24ba8 - Copy (2).jpg,0,1
12,loh-83-_JPG.rf.fa0d8bc2b0453f075b2afc4b67e3922b - Copy.jpg,0,0
13,loh-97-_JPG.rf.12384fee360b709fe6bc0d1e2076d50e - Copy (2).jpg,0,0
14,loh-83-_JPG.rf.fa0d8bc2b0453f075b2afc4b67e3922b - Copy (3).jpg,0,0
15,loh-83-_JPG.rf.674dd28e2934cd4f6f39d9a49497dad0 - Copy (3).jpg,0,0
16,loh-100-_JPG.rf.ed557259d24a7d220da3e32dbb0e821a - Copy (2).jpg,0,0
17,loh-101-_JPG.rf.e6f4c735401bccf18e658d9b6fbca14b - Copy (3).jpg,0,0
18,loh-83-_JPG.rf.fa0d8bc2b0453f075b2afc4b67e3922b.jpg,0,0
19,loh-97-_JPG.rf.12384fee360b709fe6bc0d1e2076d50e - Copy.jpg,0,0
20,loh-97-_JPG.rf.71b05850f7926fe1329876767346fc3c - Copy (2).jpg,0,0
21,loh-91-_JPG.rf.c92d293c0422b2583f6582cd2a6de3f2 - Copy (3).jpg,0,0
22,loh-98-_JPG.rf.31d6dd766bdef16e1a649416127918c3.jpg,0,0
23,loh-99-_JPG.rf.a9dab7220acebf5823c99087e8560503.jpg,0,0
24,loh-89-_JPG.rf.5877f1083ed37ce4e1ba0872cdd2cc10.jpg,0,2
25,loh-91-_JPG.rf.c92d293c0422b2583f6582cd2a6de3f2 - Copy (2).jpg,0,2
26,loh-88-_JPG.rf.71ce2d208e5acf85452eae2f652e53d7 - Copy (2).jpg,0,2
27,loh-92-_JPG.rf.50b6d0faaaacb6ab869a90e9b6f75703 - Copy (2).jpg,0,2
28,loh-87-_JPG.rf.fc7a5af29338b2335b5130772b121544 - Copy.jpg,0,0
29,loh-88-_JPG.rf.8e72f0f358676e0ad6c5f57475216854.jpg,0,0
30,loh-90-_JPG.rf.ccb900cf762dc2a30834eb34e8f7430a.jpg,0,0
31,loh-89-_JPG.rf.7390fbd0f2eeea3a495d54e57ce3d047 - Copy (2).jpg,0,0
32,loh-98-_JPG.rf.cbd8ee918077f3089ae4057e750c9b98 - Copy.jpg,0,0
33,loh-88-_JPG.rf.71ce2d208e5acf85452eae2f652e53d7 - Copy.jpg,0,0
34,loh-86-_JPG.rf.21bfb8671d1796769be407fa9488057c.jpg,0,0
35,loh-91-_JPG.rf.9d493f3406157e1b48f72280155db11c.jpg,0,0
36,loh-102-_JPG.rf.7a559e95b8e40a3b4d3a25623acb3e76 - Copy (2).jpg,0,2
37,loh-86-_JPG.rf.21bfb8671d1796769be407fa9488057c - Copy.jpg,0,2
38,loh-102-_JPG.rf.df496a708650628f00b7d3afc37d1cc1 - Copy.jpg,0,2
39,loh-91-_JPG.rf.62aa020af80ba801fd39b40afed97166.jpg,0,0
40,loh-102-_JPG.rf.bff064f1691a6f557e208b95ea768e51 - Copy (3).jpg,0,0
41,loh-90-_JPG.rf.07e79808567dafb548f62158377f16f8 - Copy (2).jpg,0,0
42,loh-86-_JPG.rf.aa1cb096cda99a1ba1c255c847b15800.jpg,0,0
43,loh-97-_JPG.rf.71b05850f7926fe1329876767346fc3c - Copy (3).jpg,0,0
44,loh-101-_JPG.rf.289460a25681394a71fff0c4d70e2708 - Copy (2).jpg,0,0
45,loh-86-_JPG.rf.aa1cb096cda99a1ba1c255c847b15800 - Copy.jpg,0,0
46,loh-89-_JPG.rf.f666cc9f52eafd0681ee2abd4fafa778 - Copy (3).jpg,0,0
47,loh-88-_JPG.rf.49ed82dc682351c134a94e881c67e5a0 - Copy.jpg,0,2
48,loh-90-_JPG.rf.ccb900cf762dc2a30834eb34e8f7430a - Copy.jpg,0,2
49,loh-101-_JPG.rf.289460a25681394a71fff0c4d70e2708.jpg,0,2
50,loh-100-_JPG.rf.ed557259d24a7d220da3e32dbb0e821a.jpg,0,2
51,loh-92-_JPG.rf.50b6d0faaaacb6ab869a90e9b6f75703 - Copy (3).jpg,0,2
52,loh-99-_JPG.rf.9f055eee3f44ddb3386df2df2bace223 - Copy.jpg,0,2
53,loh-92-_JPG.rf.90a882b4d7ae7ff2498cb476c5a24ba8 - Copy (3).jpg,0,2
54,loh-101-_JPG.rf.289460a25681394a71fff0c4d70e2708 - Copy (3).jpg,0,2
55,loh-102-_JPG.rf.df496a708650628f00b7d3afc37d1cc1.jpg,0,0
56,loh-99-_JPG.rf.a9dab7220acebf5823c99087e8560503 - Copy (2).jpg,0,0
57,loh-91-_JPG.rf.c92d293c0422b2583f6582cd2a6de3f2 - Copy.jpg,0,0
58,loh-97-_JPG.rf.e8621995af8a5e355bd68f9cefa4c789 - Copy.jpg,0,0
59,loh-98-_JPG.rf.cbd8ee918077f3089ae4057e750c9b98.jpg,0,0
60,loh-98-_JPG.rf.cbd8ee918077f3089ae4057e750c9b98 - Copy (3).jpg,0,0
61,loh-102-_JPG.rf.bff064f1691a6f557e208b95ea768e51 - Copy (2).jpg,0,0
62,loh-101-_JPG.rf.e6f4c735401bccf18e658d9b6fbca14b.jpg,0,0
63,loh-97-_JPG.rf.12384fee360b709fe6bc0d1e2076d50e - Copy (3).jpg,0,0
64,loh-100-_JPG.rf.97fbad9819c06945dc354224308b6a27.jpg,0,0
65,loh-97-_JPG.rf.71b05850f7926fe1329876767346fc3c - Copy.jpg,0,0
66,loh-88-_JPG.rf.71ce2d208e5acf85452eae2f652e53d7.jpg,0,0
67,loh-99-_JPG.rf.a9dab7220acebf5823c99087e8560503 - Copy (3).jpg,0,0
68,loh-89-_JPG.rf.5877f1083ed37ce4e1ba0872cdd2cc10 - Copy.jpg,0,0
69,loh-98-_JPG.rf.09081bbc69887128ea369fb2125beeee - Copy.jpg,0,0
70,loh-85-_JPG.rf.3adde86e5358f5b124e8beb122d369dc - Copy (2).jpg,0,0
71,loh-91-_JPG.rf.9d493f3406157e1b48f72280155db11c - Copy (2).jpg,0,0
72,loh-91-_JPG.rf.62aa020af80ba801fd39b40afed97166 - Copy.jpg,0,0
73,loh-87-_JPG.rf.4365ed781936c13b23eb07c73f87e277 - Copy (2).jpg,0,0
74,loh-85-_JPG.rf.004ce827799348922bfd5ea5b3311c99 - Copy (3).jpg,0,0
75,loh-100-_JPG.rf.ed557259d24a7d220da3e32dbb0e821a - Copy (3).jpg,0,0
76,loh-97-_JPG.rf.12384fee360b709fe6bc0d1e2076d50e.jpg,0,0
77,loh-92-_JPG.rf.90a882b4d7ae7ff2498cb476c5a24ba8.jpg,0,0
78,loh-88-_JPG.rf.8e72f0f358676e0ad6c5f57475216854 - Copy (2).jpg,0,0
79,loh-100-_JPG.rf.ed557259d24a7d220da3e32dbb0e821a - Copy.jpg,0,1
80,loh-102-_JPG.rf.7a559e95b8e40a3b4d3a25623acb3e76 - Copy.jpg,0,1
81,loh-87-_JPG.rf.fc7a5af29338b2335b5130772b121544 - Copy (2).jpg,0,1
82,loh-99-_JPG.rf.9f055eee3f44ddb3386df2df2bace223 - Copy (2).jpg,0,1
83,loh-98-_JPG.rf.31d6dd766bdef16e1a649416127918c3 - Copy (3).jpg,0,1
84,loh-85-_JPG.rf.3adde86e5358f5b124e8beb122d369dc - Copy.jpg,0,1
85,loh-85-_JPG.rf.7cc76de49bd6fe04b34699c4d2c87011 - Copy.jpg,0,1
86,loh-102-_JPG.rf.7a559e95b8e40a3b4d3a25623acb3e76 - Copy (3).jpg,0,1
87,loh-92-_JPG.rf.90a882b4d7ae7ff2498cb476c5a24ba8 - Copy.jpg,0,1
88,loh-88-_JPG.rf.49ed82dc682351c134a94e881c67e5a0 - Copy (2).jpg,0,1
89,loh-100-_JPG.rf.a033ca45819345f3de73afbfc6b26137 - Copy (2).jpg,0,1
90,loh-89-_JPG.rf.5877f1083ed37ce4e1ba0872cdd2cc10 - Copy (2).jpg,0,1
91,loh-101-_JPG.rf.54dcd52f4303b39ad35f02ed3ecad38c - Copy (2).jpg,0,1
92,loh-97-_JPG.rf.e8621995af8a5e355bd68f9cefa4c789.jpg,0,1
93,loh-90-_JPG.rf.980c98156c36ceac401a5087596d7faf - Copy (3).jpg,0,1
94,loh-85-_JPG.rf.7cc76de49bd6fe04b34699c4d2c87011 - Copy (3).jpg,0,1
95,loh-87-_JPG.rf.34f8095f67b1f889abae6a7d0d9f186d - Copy (3).jpg,0,1
96,loh-88-_JPG.rf.49ed82dc682351c134a94e881c67e5a0.jpg,0,1
97,loh-85-_JPG.rf.3adde86e5358f5b124e8beb122d369dc.jpg,0,1
98,loh-99-_JPG.rf.f2bf8c33fb4d119087787dd46b11786e - Copy (3).jpg,0,1
99,loh-92-_JPG.rf.50b6d0faaaacb6ab869a90e9b6f75703.jpg,0,1
100,loh-87-_JPG.rf.34f8095f67b1f889abae6a7d0d9f186d.jpg,0,1
101,loh-98-_JPG.rf.31d6dd766bdef16e1a649416127918c3 - Copy (2).jpg,0,1
102,loh-86-_JPG.rf.5e407c79385bdb88f8be3975a8bbec23 - Copy (2).jpg,0,1
103,loh-89-_JPG.rf.7390fbd0f2eeea3a495d54e57ce3d047 - Copy.jpg,0,1
104,loh-99-_JPG.rf.f2bf8c33fb4d119087787dd46b11786e.jpg,0,1
105,loh-98-_JPG.rf.31d6dd766bdef16e1a649416127918c3 - Copy.jpg,0,1
106,loh-102-_JPG.rf.bff064f1691a6f557e208b95ea768e51.jpg,0,1
107,loh-88-_JPG.rf.8e72f0f358676e0ad6c5f57475216854 - Copy (3).jpg,0,1
108,loh-99-_JPG.rf.a9dab7220acebf5823c99087e8560503 - Copy.jpg,0,1
109,loh-99-_JPG.rf.f2bf8c33fb4d119087787dd46b11786e - Copy (2).jpg,0,1
110,loh-102-_JPG.rf.7a559e95b8e40a3b4d3a25623acb3e76.jpg,0,1
111,loh-89-_JPG.rf.7390fbd0f2eeea3a495d54e57ce3d047.jpg,0,1
112,loh-87-_JPG.rf.34f8095f67b1f889abae6a7d0d9f186d - Copy (2).jpg,0,1
113,loh-85-_JPG.rf.7cc76de49bd6fe04b34699c4d2c87011 - Copy (2).jpg,0,1
114,loh-101-_JPG.rf.54dcd52f4303b39ad35f02ed3ecad38c - Copy.jpg,0,1
115,loh-89-_JPG.rf.5877f1083ed37ce4e1ba0872cdd2cc10 - Copy (3).jpg,0,1
116,loh-85-_JPG.rf.3adde86e5358f5b124e8beb122d369dc - Copy (3).jpg,0,1
117,loh-92-_JPG.rf.50b6d0faaaacb6ab869a90e9b6f75703 - Copy.jpg,0,1
118,loh-90-_JPG.rf.07e79808567dafb548f62158377f16f8.jpg,0,1
119,loh-88-_JPG.rf.8e72f0f358676e0ad6c5f57475216854 - Copy.jpg,0,1
120,loh-88-_JPG.rf.71ce2d208e5acf85452eae2f652e53d7 - Copy (3).jpg,0,1
121,loh-102-_JPG.rf.df496a708650628f00b7d3afc37d1cc1 - Copy (3).jpg,0,1
122,loh-86-_JPG.rf.5e407c79385bdb88f8be3975a8bbec23 - Copy.jpg,0,1
123,loh-83-_JPG.rf.674dd28e2934cd4f6f39d9a49497dad0.jpg,0,1
124,loh-91-_JPG.rf.62aa020af80ba801fd39b40afed97166 - Copy (2).jpg,0,1
125,loh-100-_JPG.rf.97fbad9819c06945dc354224308b6a27 - Copy (3).jpg,0,1
126,loh-92-_JPG.rf.829cf085f80dac327bf10603d2a3441e - Copy (3).jpg,0,1
127,loh-85-_JPG.rf.004ce827799348922bfd5ea5b3311c99 - Copy.jpg,0,1
128,loh-98-_JPG.rf.09081bbc69887128ea369fb2125beeee - Copy (3).jpg,0,1
129,loh-91-_JPG.rf.9d493f3406157e1b48f72280155db11c - Copy.jpg,0,1
130,loh-86-_JPG.rf.21bfb8671d1796769be407fa9488057c - Copy (3).jpg,0,1
131,loh-87-_JPG.rf.4365ed781936c13b23eb07c73f87e277 - Copy (3).jpg,0,2
132,loh-86-_JPG.rf.5e407c79385bdb88f8be3975a8bbec23 - Copy (3).jpg,0,2
133,loh-92-_JPG.rf.829cf085f80dac327bf10603d2a3441e.jpg,0,2
134,loh-91-_JPG.rf.9d493f3406157e1b48f72280155db11c - Copy (3).jpg,0,2
135,loh-87-_JPG.rf.fc7a5af29338b2335b5130772b121544 - Copy (3).jpg,0,2
136,loh-97-_JPG.rf.e8621995af8a5e355bd68f9cefa4c789 - Copy (2).jpg,0,2
137,loh-86-_JPG.rf.21bfb8671d1796769be407fa9488057c - Copy (2).jpg,0,2
138,loh-87-_JPG.rf.fc7a5af29338b2335b5130772b121544.jpg,0,2
139,loh-99-_JPG.rf.f2bf8c33fb4d119087787dd46b11786e - Copy.jpg,0,0
140,loh-86-_JPG.rf.aa1cb096cda99a1ba1c255c847b15800 - Copy (2).jpg,0,0
141,loh-89-_JPG.rf.f666cc9f52eafd0681ee2abd4fafa778 - Copy (2).jpg,0,0
142,loh-90-_JPG.rf.980c98156c36ceac401a5087596d7faf - Copy (2).jpg,0,0
143,loh-91-_JPG.rf.c92d293c0422b2583f6582cd2a6de3f2.jpg,0,0
144,loh-89-_JPG.rf.f666cc9f52eafd0681ee2abd4fafa778.jpg,0,0
145,loh-89-_JPG.rf.f666cc9f52eafd0681ee2abd4fafa778 - Copy.jpg,0,0
146,loh-90-_JPG.rf.980c98156c36ceac401a5087596d7faf.jpg,0,0
147,loh-102-_JPG.rf.bff064f1691a6f557e208b95ea768e51 - Copy.jpg,0,0
148,loh-87-_JPG.rf.34f8095f67b1f889abae6a7d0d9f186d - Copy.jpg,0,0
149,loh-92-_JPG.rf.829cf085f80dac327bf10603d2a3441e - Copy (2).jpg,0,0
150,loh-98-_JPG.rf.09081bbc69887128ea369fb2125beeee - Copy (2).jpg,0,0
151,loh-89-_JPG.rf.7390fbd0f2eeea3a495d54e57ce3d047 - Copy (3).jpg,0,1
152,loh-100-_JPG.rf.a033ca45819345f3de73afbfc6b26137 - Copy.jpg,0,1
153,loh-86-_JPG.rf.5e407c79385bdb88f8be3975a8bbec23.jpg,0,1
154,loh-87-_JPG.rf.4365ed781936c13b23eb07c73f87e277 - Copy.jpg,0,1
155,loh-92-_JPG.rf.829cf085f80dac327bf10603d2a3441e - Copy.jpg,0,0
156,loh-87-_JPG.rf.4365ed781936c13b23eb07c73f87e277.jpg,0,0
157,loh-85-_JPG.rf.004ce827799348922bfd5ea5b3311c99.jpg,0,0
158,loh-97-_JPG.rf.71b05850f7926fe1329876767346fc3c.jpg,0,0
159,loh-99-_JPG.rf.9f055eee3f44ddb3386df2df2bace223.jpg,0,0
160,loh-90-_JPG.rf.07e79808567dafb548f62158377f16f8 - Copy (3).jpg,0,0
161,loh-90-_JPG.rf.07e79808567dafb548f62158377f16f8 - Copy.jpg,0,0
162,loh-102-_JPG.rf.df496a708650628f00b7d3afc37d1cc1 - Copy (2).jpg,0,0
163,loh-97-_JPG.rf.e8621995af8a5e355bd68f9cefa4c789 - Copy (3).jpg,0,0
164,loh-98-_JPG.rf.cbd8ee918077f3089ae4057e750c9b98 - Copy (2).jpg,0,0
165,loh-90-_JPG.rf.980c98156c36ceac401a5087596d7faf - Copy.jpg,0,0
166,loh-85-_JPG.rf.004ce827799348922bfd5ea5b3311c99 - Copy (2).jpg,0,0
167,loh-100-_JPG.rf.97fbad9819c06945dc354224308b6a27 - Copy.jpg,0,0
168,loh-101-_JPG.rf.289460a25681394a71fff0c4d70e2708 - Copy.jpg,0,0
169,loh-101-_JPG.rf.54dcd52f4303b39ad35f02ed3ecad38c.jpg,0,0
170,loh-100-_JPG.rf.a033ca45819345f3de73afbfc6b26137.jpg,0,0
171,loh-101-_JPG.rf.e6f4c735401bccf18e658d9b6fbca14b - Copy.jpg,0,0
172,loh-83-_JPG.rf.674dd28e2934cd4f6f39d9a49497dad0 - Copy.jpg,0,0
173,loh-86-_JPG.rf.aa1cb096cda99a1ba1c255c847b15800 - Copy (3).jpg,0,0
174,loh-101-_JPG.rf.e6f4c735401bccf18e658d9b6fbca14b - Copy (2).jpg,0,0
175,los-95-_JPG.rf.44b9cda0c32fa4f388e196194db98e7f - Copy.jpg,1,1
176,los-96-_JPG.rf.6e056a59997796e51ba3514448c7a982.jpg,1,1
177,los-96-_JPG.rf.2928d332658a99f51ea9ab465c40288c - Copy (2).jpg,1,1
178,los-89-_JPG.rf.94196657d13cbe56d0a59e64f2c7df06 - Copy (3).jpg,1,1
179,los-92-_JPG.rf.8c1cbaf4117c54379cf7389ac6a54004 - Copy (3).jpg,1,1
180,los-87-_JPG.rf.2e20fe72c397b2d4ee3dca9c0adce2bd - Copy.jpg,1,1
181,los-90-_JPG.rf.5413a5defd671aabc7ae94f84827b114.jpg,1,1
182,los-94-_JPG.rf.ffd4af1043523c32e525289d3e4afb54.jpg,1,1
183,los-84-_JPG.rf.63bec52392364f714060661f3d653ebe - Copy (3).jpg,1,1
184,los-84-_JPG.rf.0753bc8eac6d3badd3ea1faeb2c1c9d0.jpg,1,1
185,los-87-_JPG.rf.2e20fe72c397b2d4ee3dca9c0adce2bd - Copy (2).jpg,1,1
186,los-83-_JPG.rf.a517034ca2d6c8b31351cc03ff6d0134.jpg,1,1
187,los-83-_JPG.rf.ab147c36941e8a7927006adba213b16b - Copy.jpg,1,1
188,los-97-_JPG.rf.7ca9bca3b31354bd562cbb56d12b6fc9 - Copy.jpg,1,1
189,los-96-_JPG.rf.6e056a59997796e51ba3514448c7a982 - Copy (2).jpg,1,1
190,los-92-_JPG.rf.8c1cbaf4117c54379cf7389ac6a54004 - Copy (2).jpg,1,1
191,los-86-_JPG.rf.4ea250e7d278f6f852cb2b845f1dc58b.jpg,1,1
192,los-93-_JPG.rf.35a1b59e62e50fd9327bd9f580142975 - Copy (3).jpg,1,1
193,los-92-_JPG.rf.4b1a1998de0b910cd0351a87aac7570c - Copy (3).jpg,1,1
194,los-86-_JPG.rf.d91dc3b43bf5bdda15ec2d2d32cca3d8 - Copy (2).jpg,1,1
195,los-94-_JPG.rf.d48a1c90e9a724b4971e29165cc3de5f.jpg,1,1
196,los-96-_JPG.rf.6e056a59997796e51ba3514448c7a982 - Copy (3).jpg,1,1
197,los-84-_JPG.rf.0753bc8eac6d3badd3ea1faeb2c1c9d0 - Copy (2).jpg,1,1
198,los-90-_JPG.rf.5413a5defd671aabc7ae94f84827b114 - Copy (3).jpg,1,1
199,los-91-_JPG.rf.cfed24bd1d04410c7fbb5837a43aab37.jpg,1,1
200,los-97-_JPG.rf.56e5d061e97b23c81a6245a29cecd9fe.jpg,1,1
201,los-94-_JPG.rf.d48a1c90e9a724b4971e29165cc3de5f - Copy.jpg,1,1
202,los-95-_JPG.rf.e1352258c8a098189e94ccd3407b243f - Copy.jpg,1,1
203,los-96-_JPG.rf.6e056a59997796e51ba3514448c7a982 - Copy.jpg,1,1
204,los-97-_JPG.rf.c3db372e4336b5017620ff8fd1a6dba9 - Copy (3).jpg,1,1
205,los-97-_JPG.rf.56e5d061e97b23c81a6245a29cecd9fe - Copy.jpg,1,1
206,los-86-_JPG.rf.4ea250e7d278f6f852cb2b845f1dc58b - Copy (3).jpg,1,1
207,los-91-_JPG.rf.33acc772ba639bfbb1783fa6aae65335 - Copy.jpg,1,1
208,los-93-_JPG.rf.8aabf2f6e2cc86bf54c9337817f06049 - Copy (3).jpg,1,1
209,los-93-_JPG.rf.bf3bee77f55f2467922b6d302698a19f - Copy.jpg,1,1
210,los-93-_JPG.rf.8aabf2f6e2cc86bf54c9337817f06049.jpg,1,1
211,los-91-_JPG.rf.03d86152acae02468d5fc2ea28198deb - Copy (2).jpg,1,1
212,los-87-_JPG.rf.2e20fe72c397b2d4ee3dca9c0adce2bd - Copy (3).jpg,1,1
213,los-87-_JPG.rf.6e71da862026229405d54ce94df4ce14 - Copy (2).jpg,1,1
214,los-89-_JPG.rf.4d0b988b92cabce33f27f992632df6a1 - Copy (2).jpg,1,1
215,los-84-_JPG.rf.04eea534dd428e7bf27414ffbbee3957 - Copy.jpg,1,1
216,los-86-_JPG.rf.6fe143f69d7e7ffb6ab0d5bc2dfc929e - Copy (2).jpg,1,1
217,los-88-_JPG.rf.ee94ad99c67ab034b089e9bb4ece1834 - Copy.jpg,1,1
218,los-92-_JPG.rf.ff1903bdc880c6ba60ad7a6bbc3cd134 - Copy (3).jpg,1,1
219,los-90-_JPG.rf.06823298b3d239e13368cfee538fc022 - Copy (2).jpg,1,1
220,los-89-_JPG.rf.c8dc3cbc5b33eceebbe9e9ce3f2085d4 - Copy (2).jpg,1,1
221,los-91-_JPG.rf.cfed24bd1d04410c7fbb5837a43aab37 - Copy (2).jpg,1,1
222,los-96-_JPG.rf.2e5b74619a1300a32202efd826af51ee.jpg,1,1
223,los-97-_JPG.rf.7ca9bca3b31354bd562cbb56d12b6fc9 - Copy (2).jpg,1,1
224,los-93-_JPG.rf.35a1b59e62e50fd9327bd9f580142975 - Copy.jpg,1,1
225,los-86-_JPG.rf.d91dc3b43bf5bdda15ec2d2d32cca3d8 - Copy.jpg,1,1
226,los-93-_JPG.rf.8aabf2f6e2cc86bf54c9337817f06049 - Copy (2).jpg,1,1
227,los-85-_JPG.rf.a82af7fd4888483858f898d4ef7b6d9a.jpg,1,1
228,los-83-_JPG.rf.ab147c36941e8a7927006adba213b16b - Copy (3).jpg,1,1
229,los-95-_JPG.rf.e1352258c8a098189e94ccd3407b243f - Copy (3).jpg,1,1
230,los-95-_JPG.rf.b99ea420bdc0d11e1dea2ca298d23cb5 - Copy (2).jpg,1,1
231,los-95-_JPG.rf.e1352258c8a098189e94ccd3407b243f - Copy (2).jpg,1,1
232,los-97-_JPG.rf.c3db372e4336b5017620ff8fd1a6dba9 - Copy (2).jpg,1,1
233,los-95-_JPG.rf.44b9cda0c32fa4f388e196194db98e7f.jpg,1,1
234,los-87-_JPG.rf.263148347817203ce8561530b9077e09 - Copy (2).jpg,1,1
235,los-87-_JPG.rf.6e71da862026229405d54ce94df4ce14.jpg,1,1
236,los-93-_JPG.rf.bf3bee77f55f2467922b6d302698a19f.jpg,1,1
237,los-94-_JPG.rf.ffd4af1043523c32e525289d3e4afb54 - Copy (3).jpg,1,1
238,los-86-_JPG.rf.6fe143f69d7e7ffb6ab0d5bc2dfc929e - Copy.jpg,1,1
239,los-97-_JPG.rf.56e5d061e97b23c81a6245a29cecd9fe - Copy (2).jpg,1,1
240,los-90-_JPG.rf.5413a5defd671aabc7ae94f84827b114 - Copy.jpg,1,1
241,los-88-_JPG.rf.07ce7ba1f638fa394a69f6fef72e1f55.jpg,1,1
242,los-88-_JPG.rf.ee94ad99c67ab034b089e9bb4ece1834.jpg,1,1
243,los-84-_JPG.rf.04eea534dd428e7bf27414ffbbee3957.jpg,1,1
244,los-85-_JPG.rf.384c1d92a6a9f63e9b604d242300a9c3 - Copy (2).jpg,1,1
245,los-93-_JPG.rf.35a1b59e62e50fd9327bd9f580142975 - Copy (2).jpg,1,1
246,los-96-_JPG.rf.2e5b74619a1300a32202efd826af51ee - Copy (3).jpg,1,1
247,los-89-_JPG.rf.c8dc3cbc5b33eceebbe9e9ce3f2085d4 - Copy (3).jpg,1,1
248,los-88-_JPG.rf.3ef04e2336732f824fb2f0dbff312ec6 - Copy.jpg,1,1
249,los-97-_JPG.rf.c3db372e4336b5017620ff8fd1a6dba9.jpg,1,1
250,los-94-_JPG.rf.ffd4af1043523c32e525289d3e4afb54 - Copy (2).jpg,1,1
251,los-93-_JPG.rf.bf3bee77f55f2467922b6d302698a19f - Copy (2).jpg,1,1
252,los-88-_JPG.rf.3ef04e2336732f824fb2f0dbff312ec6.jpg,1,1
253,los-85-_JPG.rf.384c1d92a6a9f63e9b604d242300a9c3 - Copy (3).jpg,1,1
254,los-86-_JPG.rf.4ea250e7d278f6f852cb2b845f1dc58b - Copy (2).jpg,1,1
255,los-88-_JPG.rf.3ef04e2336732f824fb2f0dbff312ec6 - Copy (2).jpg,1,1
256,los-91-_JPG.rf.33acc772ba639bfbb1783fa6aae65335 - Copy (3).jpg,1,1
257,los-88-_JPG.rf.07ce7ba1f638fa394a69f6fef72e1f55 - Copy.jpg,1,1
258,los-88-_JPG.rf.3ef04e2336732f824fb2f0dbff312ec6 - Copy (3).jpg,1,1
259,los-96-_JPG.rf.2928d332658a99f51ea9ab465c40288c - Copy (3).jpg,1,1
260,los-83-_JPG.rf.ab147c36941e8a7927006adba213b16b.jpg,1,1
261,los-94-_JPG.rf.8903d9eefabd2b177a300b387715216d - Copy.jpg,1,1
262,los-87-_JPG.rf.263148347817203ce8561530b9077e09.jpg,1,1
263,los-92-_JPG.rf.8c1cbaf4117c54379cf7389ac6a54004 - Copy.jpg,1,1
264,los-88-_JPG.rf.ee94ad99c67ab034b089e9bb4ece1834 - Copy (2).jpg,1,1
265,los-96-_JPG.rf.2e5b74619a1300a32202efd826af51ee - Copy (2).jpg,1,1
266,los-92-_JPG.rf.4b1a1998de0b910cd0351a87aac7570c - Copy.jpg,1,1
267,los-89-_JPG.rf.94196657d13cbe56d0a59e64f2c7df06 - Copy.jpg,1,1
268,los-95-_JPG.rf.44b9cda0c32fa4f388e196194db98e7f - Copy (2).jpg,1,1
269,los-85-_JPG.rf.c50d8ad3d5a618cc2f34dcb097b7bca3 - Copy (2).jpg,1,1
270,los-92-_JPG.rf.4b1a1998de0b910cd0351a87aac7570c.jpg,1,1
271,los-93-_JPG.rf.8aabf2f6e2cc86bf54c9337817f06049 - Copy.jpg,1,1
272,los-92-_JPG.rf.ff1903bdc880c6ba60ad7a6bbc3cd134 - Copy (2).jpg,1,1
273,los-84-_JPG.rf.63bec52392364f714060661f3d653ebe - Copy (2).jpg,1,1
274,los-90-_JPG.rf.22d21e9a7af054023f79a7e92633216a - Copy.jpg,1,1
275,los-90-_JPG.rf.5413a5defd671aabc7ae94f84827b114 - Copy (2).jpg,1,1
276,los-85-_JPG.rf.a82af7fd4888483858f898d4ef7b6d9a - Copy.jpg,1,1
277,los-92-_JPG.rf.4b1a1998de0b910cd0351a87aac7570c - Copy (2).jpg,1,1
278,los-87-_JPG.rf.6e71da862026229405d54ce94df4ce14 - Copy (3).jpg,1,1
279,los-89-_JPG.rf.94196657d13cbe56d0a59e64f2c7df06 - Copy (2).jpg,1,1
280,los-97-_JPG.rf.7ca9bca3b31354bd562cbb56d12b6fc9.jpg,1,1
281,los-93-_JPG.rf.bf3bee77f55f2467922b6d302698a19f - Copy (3).jpg,1,1
282,los-90-_JPG.rf.22d21e9a7af054023f79a7e92633216a - Copy (2).jpg,1,1
283,los-87-_JPG.rf.263148347817203ce8561530b9077e09 - Copy (3).jpg,1,1
284,los-84-_JPG.rf.63bec52392364f714060661f3d653ebe - Copy.jpg,1,1
285,los-91-_JPG.rf.33acc772ba639bfbb1783fa6aae65335.jpg,1,1
286,los-85-_JPG.rf.c50d8ad3d5a618cc2f34dcb097b7bca3 - Copy (3).jpg,1,1
287,los-93-_JPG.rf.35a1b59e62e50fd9327bd9f580142975.jpg,1,1
288,los-94-_JPG.rf.d48a1c90e9a724b4971e29165cc3de5f - Copy (2).jpg,1,1
289,los-95-_JPG.rf.b99ea420bdc0d11e1dea2ca298d23cb5 - Copy.jpg,1,1
290,los-90-_JPG.rf.06823298b3d239e13368cfee538fc022 - Copy (3).jpg,1,1
291,los-86-_JPG.rf.d91dc3b43bf5bdda15ec2d2d32cca3d8 - Copy (3).jpg,1,1
292,los-96-_JPG.rf.2928d332658a99f51ea9ab465c40288c - Copy.jpg,1,1
293,los-85-_JPG.rf.384c1d92a6a9f63e9b604d242300a9c3 - Copy.jpg,1,1
294,los-89-_JPG.rf.4d0b988b92cabce33f27f992632df6a1 - Copy.jpg,1,1
295,los-88-_JPG.rf.ee94ad99c67ab034b089e9bb4ece1834 - Copy (3).jpg,1,1
296,los-85-_JPG.rf.c50d8ad3d5a618cc2f34dcb097b7bca3 - Copy.jpg,1,1
297,los-90-_JPG.rf.22d21e9a7af054023f79a7e92633216a - Copy (3).jpg,1,1
298,los-97-_JPG.rf.c3db372e4336b5017620ff8fd1a6dba9 - Copy.jpg,1,1
299,los-84-_JPG.rf.0753bc8eac6d3badd3ea1faeb2c1c9d0 - Copy.jpg,1,1
300,los-83-_JPG.rf.a517034ca2d6c8b31351cc03ff6d0134 - Copy (3).jpg,1,1
301,los-96-_JPG.rf.2928d332658a99f51ea9ab465c40288c.jpg,1,1
302,los-90-_JPG.rf.06823298b3d239e13368cfee538fc022.jpg,1,1
303,los-86-_JPG.rf.d91dc3b43bf5bdda15ec2d2d32cca3d8.jpg,1,1
304,los-85-_JPG.rf.a82af7fd4888483858f898d4ef7b6d9a - Copy (2).jpg,1,1
305,los-95-_JPG.rf.b99ea420bdc0d11e1dea2ca298d23cb5.jpg,1,1
306,los-84-_JPG.rf.04eea534dd428e7bf27414ffbbee3957 - Copy (2).jpg,1,1
307,los-84-_JPG.rf.63bec52392364f714060661f3d653ebe.jpg,1,1
308,los-90-_JPG.rf.22d21e9a7af054023f79a7e92633216a.jpg,1,1
309,los-90-_JPG.rf.06823298b3d239e13368cfee538fc022 - Copy.jpg,1,1
310,los-86-_JPG.rf.6fe143f69d7e7ffb6ab0d5bc2dfc929e - Copy (3).jpg,1,1
311,los-88-_JPG.rf.07ce7ba1f638fa394a69f6fef72e1f55 - Copy (3).jpg,1,1
312,los-84-_JPG.rf.0753bc8eac6d3badd3ea1faeb2c1c9d0 - Copy (3).jpg,1,1
313,los-91-_JPG.rf.cfed24bd1d04410c7fbb5837a43aab37 - Copy.jpg,1,1
314,los-92-_JPG.rf.ff1903bdc880c6ba60ad7a6bbc3cd134 - Copy.jpg,1,1
315,los-96-_JPG.rf.2e5b74619a1300a32202efd826af51ee - Copy.jpg,1,1
316,los-97-_JPG.rf.56e5d061e97b23c81a6245a29cecd9fe - Copy (3).jpg,1,1
317,los-97-_JPG.rf.7ca9bca3b31354bd562cbb56d12b6fc9 - Copy (3).jpg,1,1
318,los-85-_JPG.rf.a82af7fd4888483858f898d4ef7b6d9a - Copy (3).jpg,1,1
319,los-87-_JPG.rf.6e71da862026229405d54ce94df4ce14 - Copy.jpg,1,1
320,los-91-_JPG.rf.cfed24bd1d04410c7fbb5837a43aab37 - Copy (3).jpg,1,1
321,los-91-_JPG.rf.03d86152acae02468d5fc2ea28198deb - Copy (3).jpg,1,1
322,los-89-_JPG.rf.c8dc3cbc5b33eceebbe9e9ce3f2085d4 - Copy.jpg,1,1
323,los-89-_JPG.rf.4d0b988b92cabce33f27f992632df6a1 - Copy (3).jpg,1,1
324,los-92-_JPG.rf.8c1cbaf4117c54379cf7389ac6a54004.jpg,1,1
325,los-94-_JPG.rf.8903d9eefabd2b177a300b387715216d - Copy (3).jpg,1,1
326,los-92-_JPG.rf.ff1903bdc880c6ba60ad7a6bbc3cd134.jpg,1,1
327,los-84-_JPG.rf.04eea534dd428e7bf27414ffbbee3957 - Copy (3).jpg,1,1
328,los-87-_JPG.rf.263148347817203ce8561530b9077e09 - Copy.jpg,1,1
329,los-94-_JPG.rf.ffd4af1043523c32e525289d3e4afb54 - Copy.jpg,1,1
330,los-89-_JPG.rf.c8dc3cbc5b33eceebbe9e9ce3f2085d4.jpg,1,1
331,los-91-_JPG.rf.03d86152acae02468d5fc2ea28198deb.jpg,1,1
332,los-88-_JPG.rf.07ce7ba1f638fa394a69f6fef72e1f55 - Copy (2).jpg,1,1
333,los-87-_JPG.rf.2e20fe72c397b2d4ee3dca9c0adce2bd.jpg,1,1
334,los-91-_JPG.rf.03d86152acae02468d5fc2ea28198deb - Copy.jpg,1,1
335,los-91-_JPG.rf.33acc772ba639bfbb1783fa6aae65335 - Copy (2).jpg,1,1
336,los-94-_JPG.rf.8903d9eefabd2b177a300b387715216d.jpg,1,1
337,los-85-_JPG.rf.384c1d92a6a9f63e9b604d242300a9c3.jpg,1,1
338,los-85-_JPG.rf.c50d8ad3d5a618cc2f34dcb097b7bca3.jpg,1,1
339,los-94-_JPG.rf.d48a1c90e9a724b4971e29165cc3de5f - Copy (3).jpg,1,1
340,los-89-_JPG.rf.4d0b988b92cabce33f27f992632df6a1.jpg,1,1
341,los-95-_JPG.rf.e1352258c8a098189e94ccd3407b243f.jpg,1,1
342,los-95-_JPG.rf.44b9cda0c32fa4f388e196194db98e7f - Copy (3).jpg,1,1
343,los-95-_JPG.rf.b99ea420bdc0d11e1dea2ca298d23cb5 - Copy (3).jpg,1,1
344,los-83-_JPG.rf.ab147c36941e8a7927006adba213b16b - Copy (2).jpg,1,1
345,los-86-_JPG.rf.6fe143f69d7e7ffb6ab0d5bc2dfc929e.jpg,1,1
346,los-86-_JPG.rf.4ea250e7d278f6f852cb2b845f1dc58b - Copy.jpg,1,1
347,los-94-_JPG.rf.8903d9eefabd2b177a300b387715216d - Copy (2).jpg,1,1
348,los-83-_JPG.rf.a517034ca2d6c8b31351cc03ff6d0134 - Copy.jpg,1,1
349,los-89-_JPG.rf.94196657d13cbe56d0a59e64f2c7df06.jpg,1,1
350,lolr-184-_JPG.rf.345b5bd1de56ed4a772a5cd2082345a8 - Copy (3).jpg,2,2
351,lolr-180-_JPG.rf.f1283c3c3d01a89e09cd167764eb273d - Copy (3).jpg,2,2
352,lolr-182-_JPG.rf.295ce52fbf68326f039a19e00cd85519 - Copy (2).jpg,2,2
353,lolr-174-_JPG.rf.37b778267a50698bd10c0c4cb2eb49d6 - Copy.jpg,2,2
354,lolr-178-_JPG.rf.e0c5073edac00172cbcdeaa239a0dda4.jpg,2,2
355,lolr-181-_JPG.rf.9bc45f3802a9b52baea2bc066c2b9da6 - Copy (2).jpg,2,2
356,lolr-175-_JPG.rf.b0d6adbb7fd45a68c7f601b1e7cffd38 - Copy.jpg,2,2
357,lolr-178-_JPG.rf.93f7d4fb3ddea6c3b5b8681edbe343f8 - Copy (3).jpg,2,2
358,lolr-183-_JPG.rf.f91b29c3c2a61117932ce370b19b21cb.jpg,2,2
359,lolr-181-_JPG.rf.980cadb11a68d9faaa6c3837229caec1 - Copy (2).jpg,2,2
360,lolr-179-_JPG.rf.7d0d7485c59e0f4669873682558a93d0 - Copy (3).jpg,2,2
361,lolr-176-_JPG.rf.6ce90890fc1b05d0f5b58a2d3ddcef08 - Copy (3).jpg,2,2
362,lolr-179-_JPG.rf.dcef729acbcfa2954119f993bde15ef8.jpg,2,2
363,lolr-178-_JPG.rf.e0c5073edac00172cbcdeaa239a0dda4 - Copy.jpg,2,2
364,lolr-187-_JPG.rf.4855d5eabc443cf02b9a354900b42225.jpg,2,2
365,lolr-187-_JPG.rf.e6d934571fd107657cb315f7f702d53a - Copy (3).jpg,2,2
366,lolr-176-_JPG.rf.02c2499fbe668e4ccec5b01d1a8113ab.jpg,2,2
367,lolr-185-_JPG.rf.fa1cf6495b5849f6881107e54a173db4 - Copy (3).jpg,2,2
368,lolr-182-_JPG.rf.da4905c9f0a5f833d05e2144bbb81c31 - Copy.jpg,2,2
369,lolr-180-_JPG.rf.0d2d51cc2b7f5ccfd0482d4eeb213fb9.jpg,2,2
370,lolr-182-_JPG.rf.fe69696064f13cd4b039aacf7b42c8ff - Copy.jpg,2,2
371,lolr-183-_JPG.rf.0a7dd1d7f78fbcddc8ab7550bda58ec5 - Copy (2).jpg,2,2
372,lolr-180-_JPG.rf.f4d51dbd21ea4887b5fb0550444bba2f.jpg,2,2
373,lolr-184-_JPG.rf.134536de0abec406439f4f1fb329f4f8 - Copy (3).jpg,2,2
374,lolr-185-_JPG.rf.fa1cf6495b5849f6881107e54a173db4 - Copy (2).jpg,2,2
375,lolr-182-_JPG.rf.295ce52fbf68326f039a19e00cd85519.jpg,2,2
376,lolr-183-_JPG.rf.f91b29c3c2a61117932ce370b19b21cb - Copy.jpg,2,2
377,lolr-177-_JPG.rf.8fe8edac5d4b07012ff2145d17732daa - Copy.jpg,2,2
378,lolr-173-_JPG.rf.ddff3ca710bc4b8e6ee4b90d120ef7f1 - Copy (2).jpg,2,2
379,lolr-178-_JPG.rf.1303d5c9fa2bc5eed42bdc343196b3bd - Copy.jpg,2,2
380,lolr-184-_JPG.rf.6c9ab06f56c787f228ca9a9f72a303f1 - Copy.jpg,2,2
381,lolr-175-_JPG.rf.85fc21e4c68628eb19af000ed54202f1 - Copy (2).jpg,2,2
382,lolr-187-_JPG.rf.4855d5eabc443cf02b9a354900b42225 - Copy.jpg,2,2
383,lolr-185-_JPG.rf.5251613c912ae76e70dc342fe46f8991 - Copy (3).jpg,2,2
384,lolr-173-_JPG.rf.ab23958006ac6d5f469a13581a7d51eb.jpg,2,2
385,lolr-173-_JPG.rf.ddff3ca710bc4b8e6ee4b90d120ef7f1 - Copy (3).jpg,2,2
386,lolr-174-_JPG.rf.396ddf11d94c813647de5118376a5d72.jpg,2,2
387,lolr-173-_JPG.rf.ab23958006ac6d5f469a13581a7d51eb - Copy.jpg,2,2
388,lolr-175-_JPG.rf.85fc21e4c68628eb19af000ed54202f1.jpg,2,2
389,lolr-174-_JPG.rf.559402d4b17480beed7d58a60b227477.jpg,2,2
390,lolr-174-_JPG.rf.559402d4b17480beed7d58a60b227477 - Copy.jpg,2,2
391,lolr-179-_JPG.rf.f1991bffb4d63d2138e886ff376014f2.jpg,2,2
392,lolr-184-_JPG.rf.134536de0abec406439f4f1fb329f4f8 - Copy.jpg,2,2
393,lolr-187-_JPG.rf.4a052bbce13d44ec7a1a7a7a3e0c699e - Copy.jpg,2,2
394,lolr-182-_JPG.rf.da4905c9f0a5f833d05e2144bbb81c31.jpg,2,2
395,lolr-185-_JPG.rf.466cea604f8a664457b8c034c73860fb - Copy (2).jpg,2,2
396,lolr-184-_JPG.rf.134536de0abec406439f4f1fb329f4f8 - Copy (2).jpg,2,2
397,lolr-173-_JPG.rf.ab23958006ac6d5f469a13581a7d51eb - Copy (3).jpg,2,2
398,lolr-185-_JPG.rf.fa1cf6495b5849f6881107e54a173db4.jpg,2,2
399,lolr-175-_JPG.rf.85fc21e4c68628eb19af000ed54202f1 - Copy (3).jpg,2,2
400,lolr-176-_JPG.rf.02c2499fbe668e4ccec5b01d1a8113ab - Copy (3).jpg,2,2
401,lolr-184-_JPG.rf.134536de0abec406439f4f1fb329f4f8.jpg,2,2
402,lolr-175-_JPG.rf.b0d6adbb7fd45a68c7f601b1e7cffd38.jpg,2,2
403,lolr-179-_JPG.rf.dcef729acbcfa2954119f993bde15ef8 - Copy (3).jpg,2,2
404,lolr-180-_JPG.rf.f4d51dbd21ea4887b5fb0550444bba2f - Copy (3).jpg,2,2
405,lolr-187-_JPG.rf.e6d934571fd107657cb315f7f702d53a.jpg,2,2
406,lolr-173-_JPG.rf.ddff3ca710bc4b8e6ee4b90d120ef7f1 - Copy.jpg,2,2
407,lolr-182-_JPG.rf.fe69696064f13cd4b039aacf7b42c8ff.jpg,2,2
408,lolr-186-_JPG.rf.86f2ea1ea5c0cf421a42e04c49f795d5 - Copy (3).jpg,2,2
409,lolr-183-_JPG.rf.0a167df4649551e621dc9f6ce2ae53ee - Copy (3).jpg,2,2
410,lolr-182-_JPG.rf.da4905c9f0a5f833d05e2144bbb81c31 - Copy (2).jpg,2,2
411,lolr-187-_JPG.rf.4855d5eabc443cf02b9a354900b42225 - Copy (3).jpg,2,2
412,lolr-181-_JPG.rf.6ec5775720eea7ac5f573604d0661376 - Copy (2).jpg,2,2
413,lolr-183-_JPG.rf.0a167df4649551e621dc9f6ce2ae53ee - Copy.jpg,2,2
414,lolr-184-_JPG.rf.345b5bd1de56ed4a772a5cd2082345a8 - Copy (2).jpg,2,2
415,lolr-178-_JPG.rf.1303d5c9fa2bc5eed42bdc343196b3bd.jpg,2,2
416,lolr-180-_JPG.rf.f4d51dbd21ea4887b5fb0550444bba2f - Copy (2).jpg,2,2
417,lolr-181-_JPG.rf.980cadb11a68d9faaa6c3837229caec1.jpg,2,2
418,lolr-184-_JPG.rf.6c9ab06f56c787f228ca9a9f72a303f1 - Copy (3).jpg,2,2
419,lolr-180-_JPG.rf.f1283c3c3d01a89e09cd167764eb273d.jpg,2,2
420,lolr-176-_JPG.rf.3d020b8fb4132ca50182d35fd4ada507.jpg,2,2
421,lolr-180-_JPG.rf.f4d51dbd21ea4887b5fb0550444bba2f - Copy.jpg,2,2
422,lolr-186-_JPG.rf.4ea904485b74dfe6849f8322f2f01650.jpg,2,2
423,lolr-177-_JPG.rf.2289d1f3050711968f780a4d304a307b.jpg,2,2
424,lolr-185-_JPG.rf.fa1cf6495b5849f6881107e54a173db4 - Copy.jpg,2,2
425,lolr-178-_JPG.rf.1303d5c9fa2bc5eed42bdc343196b3bd - Copy (3).jpg,2,2
426,lolr-175-_JPG.rf.b0d6adbb7fd45a68c7f601b1e7cffd38 - Copy (3).jpg,2,2
427,lolr-179-_JPG.rf.7d0d7485c59e0f4669873682558a93d0.jpg,2,2
428,lolr-178-_JPG.rf.93f7d4fb3ddea6c3b5b8681edbe343f8 - Copy (2).jpg,2,2
429,lolr-174-_JPG.rf.396ddf11d94c813647de5118376a5d72 - Copy (2).jpg,2,2
430,lolr-185-_JPG.rf.5251613c912ae76e70dc342fe46f8991.jpg,2,2
431,lolr-177-_JPG.rf.2289d1f3050711968f780a4d304a307b - Copy (2).jpg,2,2
432,lolr-183-_JPG.rf.0a167df4649551e621dc9f6ce2ae53ee.jpg,2,2
433,lolr-178-_JPG.rf.93f7d4fb3ddea6c3b5b8681edbe343f8 - Copy.jpg,2,2
434,lolr-185-_JPG.rf.5251613c912ae76e70dc342fe46f8991 - Copy (2).jpg,2,2
435,lolr-180-_JPG.rf.0d2d51cc2b7f5ccfd0482d4eeb213fb9 - Copy (2).jpg,2,2
436,lolr-175-_JPG.rf.431d519a20817c216a880093af64377b - Copy.jpg,2,2
437,lolr-178-_JPG.rf.93f7d4fb3ddea6c3b5b8681edbe343f8.jpg,2,2
438,lolr-183-_JPG.rf.f91b29c3c2a61117932ce370b19b21cb - Copy (2).jpg,2,2
439,lolr-186-_JPG.rf.7c92a8b37a7a459daf6a1d7b3113bdfb - Copy.jpg,2,2
440,lolr-176-_JPG.rf.6ce90890fc1b05d0f5b58a2d3ddcef08.jpg,2,2
441,lolr-181-_JPG.rf.9bc45f3802a9b52baea2bc066c2b9da6 - Copy.jpg,2,2
442,lolr-182-_JPG.rf.295ce52fbf68326f039a19e00cd85519 - Copy (3).jpg,2,2
443,lolr-175-_JPG.rf.85fc21e4c68628eb19af000ed54202f1 - Copy.jpg,2,2
444,lolr-174-_JPG.rf.396ddf11d94c813647de5118376a5d72 - Copy (3).jpg,2,2
445,lolr-181-_JPG.rf.9bc45f3802a9b52baea2bc066c2b9da6 - Copy (3).jpg,2,2
446,lolr-182-_JPG.rf.295ce52fbf68326f039a19e00cd85519 - Copy.jpg,2,2
447,lolr-187-_JPG.rf.4a052bbce13d44ec7a1a7a7a3e0c699e - Copy (2).jpg,2,2
448,lolr-187-_JPG.rf.4855d5eabc443cf02b9a354900b42225 - Copy (2).jpg,2,2
449,lolr-175-_JPG.rf.431d519a20817c216a880093af64377b.jpg,2,2
450,lolr-177-_JPG.rf.e18d21359754852b1f9d9069d788cb57 - Copy (3).jpg,2,2
451,lolr-186-_JPG.rf.4ea904485b74dfe6849f8322f2f01650 - Copy.jpg,2,2
452,lolr-179-_JPG.rf.f1991bffb4d63d2138e886ff376014f2 - Copy (2).jpg,2,2
453,lolr-174-_JPG.rf.559402d4b17480beed7d58a60b227477 - Copy (2).jpg,2,2
454,lolr-181-_JPG.rf.6ec5775720eea7ac5f573604d0661376 - Copy.jpg,2,2
455,lolr-187-_JPG.rf.4a052bbce13d44ec7a1a7a7a3e0c699e.jpg,2,2
456,lolr-177-_JPG.rf.2289d1f3050711968f780a4d304a307b - Copy (3).jpg,2,2
457,lolr-186-_JPG.rf.7c92a8b37a7a459daf6a1d7b3113bdfb - Copy (2).jpg,2,2
458,lolr-177-_JPG.rf.8fe8edac5d4b07012ff2145d17732daa - Copy (2).jpg,2,2
459,lolr-182-_JPG.rf.fe69696064f13cd4b039aacf7b42c8ff - Copy (2).jpg,2,2
460,lolr-186-_JPG.rf.86f2ea1ea5c0cf421a42e04c49f795d5 - Copy.jpg,2,2
461,lolr-186-_JPG.rf.7c92a8b37a7a459daf6a1d7b3113bdfb - Copy (3).jpg,2,2
462,lolr-178-_JPG.rf.e0c5073edac00172cbcdeaa239a0dda4 - Copy (3).jpg,2,2
463,lolr-173-_JPG.rf.ddff3ca710bc4b8e6ee4b90d120ef7f1.jpg,2,2
464,lolr-180-_JPG.rf.f1283c3c3d01a89e09cd167764eb273d - Copy.jpg,2,2
465,lolr-176-_JPG.rf.3d020b8fb4132ca50182d35fd4ada507 - Copy (3).jpg,2,2
466,lolr-174-_JPG.rf.559402d4b17480beed7d58a60b227477 - Copy (3).jpg,2,2
467,lolr-177-_JPG.rf.8fe8edac5d4b07012ff2145d17732daa - Copy (3).jpg,2,2
468,lolr-179-_JPG.rf.7d0d7485c59e0f4669873682558a93d0 - Copy (2).jpg,2,2
469,lolr-176-_JPG.rf.3d020b8fb4132ca50182d35fd4ada507 - Copy (2).jpg,2,2
470,lolr-186-_JPG.rf.4ea904485b74dfe6849f8322f2f01650 - Copy (3).jpg,2,2
471,lolr-185-_JPG.rf.5251613c912ae76e70dc342fe46f8991 - Copy.jpg,2,2
472,lolr-182-_JPG.rf.fe69696064f13cd4b039aacf7b42c8ff - Copy (3).jpg,2,2
473,lolr-174-_JPG.rf.396ddf11d94c813647de5118376a5d72 - Copy.jpg,2,2
474,lolr-174-_JPG.rf.37b778267a50698bd10c0c4cb2eb49d6.jpg,2,2
475,lolr-186-_JPG.rf.86f2ea1ea5c0cf421a42e04c49f795d5 - Copy (2).jpg,2,2
476,lolr-180-_JPG.rf.f1283c3c3d01a89e09cd167764eb273d - Copy (2).jpg,2,2
477,lolr-176-_JPG.rf.02c2499fbe668e4ccec5b01d1a8113ab - Copy.jpg,2,2
478,lolr-181-_JPG.rf.9bc45f3802a9b52baea2bc066c2b9da6.jpg,2,2
479,lolr-184-_JPG.rf.6c9ab06f56c787f228ca9a9f72a303f1 - Copy (2).jpg,2,2
480,lolr-179-_JPG.rf.dcef729acbcfa2954119f993bde15ef8 - Copy (2).jpg,2,2
481,lolr-187-_JPG.rf.e6d934571fd107657cb315f7f702d53a - Copy (2).jpg,2,2
482,lolr-177-_JPG.rf.e18d21359754852b1f9d9069d788cb57 - Copy (2).jpg,2,2
483,lolr-175-_JPG.rf.431d519a20817c216a880093af64377b - Copy (3).jpg,2,2
484,lolr-179-_JPG.rf.f1991bffb4d63d2138e886ff376014f2 - Copy (3).jpg,2,2
485,lolr-175-_JPG.rf.b0d6adbb7fd45a68c7f601b1e7cffd38 - Copy (2).jpg,2,2
486,lolr-177-_JPG.rf.8fe8edac5d4b07012ff2145d17732daa.jpg,2,2
487,lolr-181-_JPG.rf.6ec5775720eea7ac5f573604d0661376 - Copy (3).jpg,2,2
488,lolr-179-_JPG.rf.7d0d7485c59e0f4669873682558a93d0 - Copy.jpg,2,2
489,lolr-177-_JPG.rf.e18d21359754852b1f9d9069d788cb57 - Copy.jpg,2,2
490,lolr-181-_JPG.rf.6ec5775720eea7ac5f573604d0661376.jpg,2,2
491,lolr-183-_JPG.rf.0a167df4649551e621dc9f6ce2ae53ee - Copy (2).jpg,2,2
492,lolr-184-_JPG.rf.345b5bd1de56ed4a772a5cd2082345a8.jpg,2,2
493,lolr-187-_JPG.rf.e6d934571fd107657cb315f7f702d53a - Copy.jpg,2,2
494,lolr-174-_JPG.rf.37b778267a50698bd10c0c4cb2eb49d6 - Copy (3).jpg,2,2
495,lolr-186-_JPG.rf.86f2ea1ea5c0cf421a42e04c49f795d5.jpg,2,2
496,lolr-183-_JPG.rf.0a7dd1d7f78fbcddc8ab7550bda58ec5 - Copy (3).jpg,2,2
497,lolr-182-_JPG.rf.da4905c9f0a5f833d05e2144bbb81c31 - Copy (3).jpg,2,2
498,lolr-176-_JPG.rf.6ce90890fc1b05d0f5b58a2d3ddcef08 - Copy (2).jpg,2,2
499,lolr-187-_JPG.rf.4a052bbce13d44ec7a1a7a7a3e0c699e - Copy (3).jpg,2,2
500,lolr-180-_JPG.rf.0d2d51cc2b7f5ccfd0482d4eeb213fb9 - Copy.jpg,2,2
501,lolr-186-_JPG.rf.4ea904485b74dfe6849f8322f2f01650 - Copy (2).jpg,2,2
502,lolr-178-_JPG.rf.e0c5073edac00172cbcdeaa239a0dda4 - Copy (2).jpg,2,2
503,lolr-177-_JPG.rf.e18d21359754852b1f9d9069d788cb57.jpg,2,2
504,lolr-179-_JPG.rf.dcef729acbcfa2954119f993bde15ef8 - Copy.jpg,2,2
505,lolr-184-_JPG.rf.6c9ab06f56c787f228ca9a9f72a303f1.jpg,2,2
506,lolr-185-_JPG.rf.466cea604f8a664457b8c034c73860fb - Copy (3).jpg,2,2
507,lolr-186-_JPG.rf.7c92a8b37a7a459daf6a1d7b3113bdfb.jpg,2,2
508,lolr-184-_JPG.rf.345b5bd1de56ed4a772a5cd2082345a8 - Copy.jpg,2,2
509,lolr-179-_JPG.rf.f1991bffb4d63d2138e886ff376014f2 - Copy.jpg,2,2
510,lolr-178-_JPG.rf.1303d5c9fa2bc5eed42bdc343196b3bd - Copy (2).jpg,2,2
511,lolr-183-_JPG.rf.0a7dd1d7f78fbcddc8ab7550bda58ec5.jpg,2,2
512,lolr-181-_JPG.rf.980cadb11a68d9faaa6c3837229caec1 - Copy.jpg,2,2
513,lolr-175-_JPG.rf.431d519a20817c216a880093af64377b - Copy (2).jpg,2,2
514,lolr-180-_JPG.rf.0d2d51cc2b7f5ccfd0482d4eeb213fb9 - Copy (3).jpg,2,2
515,lolr-176-_JPG.rf.6ce90890fc1b05d0f5b58a2d3ddcef08 - Copy.jpg,2,2
516,lolr-183-_JPG.rf.0a7dd1d7f78fbcddc8ab7550bda58ec5 - Copy.jpg,2,2
517,lolr-183-_JPG.rf.f91b29c3c2a61117932ce370b19b21cb - Copy (3).jpg,2,2
518,lolr-185-_JPG.rf.466cea604f8a664457b8c034c73860fb.jpg,2,2
519,lolr-181-_JPG.rf.980cadb11a68d9faaa6c3837229caec1 - Copy (3).jpg,2,2
520,lolr-176-_JPG.rf.02c2499fbe668e4ccec5b01d1a8113ab - Copy (2).jpg,2,2
521,lolr-174-_JPG.rf.37b778267a50698bd10c0c4cb2eb49d6 - Copy (2).jpg,2,2
522,lolr-185-_JPG.rf.466cea604f8a664457b8c034c73860fb - Copy.jpg,2,2
523,lolr-177-_JPG.rf.2289d1f3050711968f780a4d304a307b - Copy.jpg,2,2
524,lolr-176-_JPG.rf.3d020b8fb4132ca50182d35fd4ada507 - Copy.jpg,2,2
